seq_len,batch,kv_cache,time_ms,mem_priming_MB,mem_gen_MB,mem_overall_MB
128,1,False,5.52974349597207,291.5029296875,296.31591796875,296.31591796875
128,1,True,6.566753665989381,292.8984375,290.56689453125,292.8984375
128,16,False,7.919864874005725,329.076171875,402.8046875,402.8046875
128,16,True,6.525641963999078,349.50732421875,313.0927734375,349.50732421875
512,1,False,5.556893273998867,298.830078125,312.09521484375,312.09521484375
512,1,True,6.536261642002501,304.353515625,293.75732421875,304.353515625
512,16,False,25.078356781996263,445.373046875,650.11181640625,650.11181640625
512,16,True,6.593108579996624,526.18212890625,365.33056640625,526.18212890625
1024,1,False,6.523073578013282,309.068359375,333.13427734375,333.13427734375
1024,1,True,6.729161095994641,320.095703125,298.01123046875,320.095703125
1024,16,False,60.5447176900052,601.685546875,979.77978515625,979.77978515625
1024,16,True,6.555612784002733,762.99853515625,432.3232421875,762.99853515625
